employee_id,alibi_text,check_name,severity,evidence_at,finding,event_id,raw_event_hash
EMP-0011,(no alibi on record),DEVICE_BEFORE_BADGE_IN,SUSPICIOUS,2026-08-14 23:44:17,"USB device plugged into workstation at 23:44:17, 7m 50s before their first badge-in (Stairwell B at 23:52:07). Too far apart for normal clock drift: either they got in without badging, or someone else used their machine.",device-1031b287352b3042,1031b287352b30422c6a0ef1c76fcfdaec73950136ef31e7c7f4534d79bc2d3b
EMP-0011,(no alibi on record),NO_ALIBI,NO_ALIBI,2026-08-14 23:44:17,No alibi on record. 4 records place them in or near the building between 23:44 and 00:03.,,
EMP-0011,(no alibi on record),SENSITIVE_ACTIVITY,SUSPICIOUS,2026-08-14 23:44:17,USB device plugged into workstation at 23:44:17.,device-1031b287352b3042,1031b287352b30422c6a0ef1c76fcfdaec73950136ef31e7c7f4534d79bc2d3b
EMP-0011,(no alibi on record),EXIT_BEFORE_BADGE_OUT,SUSPICIOUS,2026-08-15 00:02:47,"Their car left the garage at 00:02:47, 0m 27s before their badge left Stairwell B at 00:03:14. Either the clocks disagree or someone else used the badge or the parking pass.",txn-2d3925bb490b6354,2d3925bb490b6354c08bcffe0674ea892f2027e28ef17f961c3f29424a40bca2
EMP-0031,I was in the server room fixing a batch job. Left before 11 PM.,DEVICE_BEFORE_BADGE_IN,SUSPICIOUS,2026-08-14 22:41:22,"Workstation read file /finance/audit_2025.xlsx at 22:41:22, 2m 45s before their first badge-in (Server room at 22:44:07). That first badge is an inside door, so their building entry is missing from the data.",device-5309670c25cbdec5,5309670c25cbdec5f18efa905ae79ca13da5360bdce80fec221bc108da82c9e7
EMP-0031,I was in the server room fixing a batch job. Left before 11 PM.,SENSITIVE_ACTIVITY,SUSPICIOUS,2026-08-14 22:41:22,Workstation read file /finance/audit_2025.xlsx at 22:41:22.,device-5309670c25cbdec5,5309670c25cbdec5f18efa905ae79ca13da5360bdce80fec221bc108da82c9e7
EMP-0031,I was in the server room fixing a batch job. Left before 11 PM.,IN_ZONE,INFO,2026-08-14 22:44:07,Badge puts them in the Server room from 22:44:07 to 23:07:44.,badge-497e4700a6eacd52,497e4700a6eacd526e3e13e0d609f1917f0b8f9f5f393ab1cf5b4dddf3031386
EMP-0031,I was in the server room fixing a batch job. Left before 11 PM.,EXIT_BEFORE_BADGE_OUT,SUSPICIOUS,2026-08-14 22:59:31,"Their car left the garage at 22:59:31, 8m 13s before their badge left Server room at 23:07:44. Either the clocks disagree or someone else used the badge or the parking pass.",txn-0b9808dad9ea70b0,0b9808dad9ea70b0356973b922a44cf984c875b702c2f5e6564674ad095b1c60
EMP-0031,I was in the server room fixing a batch job. Left before 11 PM.,LEFT_BEFORE,CONTRADICTS,2026-08-14 23:07:44,"Said they left before 23:00, but at 23:07:44: Badge OUT at Server room.",badge-6818d6335189416b,6818d6335189416b4560bb98c422190b5c47b57ed09c6c72a744e30c8ce3e864
EMP-0047,I was on the 3rd floor working late on the audit files. Left the building around midnight.,ON_FLOOR,SUSPICIOUS,2026-08-14 22:31:12,"Said they were on floor 3. The floor matches, but the door is the restricted Executive suite (Badge IN at Executive suite (3F) at 22:31:12).",badge-6a282dbb53f1e1df,6a282dbb53f1e1df4c16c6a11436b12fe41ad4e592c3e0da3c61536cbc2f2f4d
EMP-0047,I was on the 3rd floor working late on the audit files. Left the building around midnight.,SENSITIVE_ACTIVITY,SUSPICIOUS,2026-08-14 23:12:04,Laptop sent an email to an external address at 23:12:04.,device-282d4350f02200c3,282d4350f02200c37426021d83cb9381a2b90afbaba9ca90ead63c5d378d8e64
EMP-0047,I was on the 3rd floor working late on the audit files. Left the building around midnight.,DEVICE_AFTER_BADGE_OUT,SUSPICIOUS,2026-08-14 23:58:02,"Laptop logout (success) at 23:58:02, 36 minutes after they badged out of the Executive suite at 23:22:56. No badge record shows where they were.",device-c305b0a335be2722,c305b0a335be2722ab6fde203aec2de9572bcbd1b02555fa3e8b594badc9d355
EMP-0047,I was on the 3rd floor working late on the audit files. Left the building around midnight.,LEFT_AROUND,SUSPICIOUS,2026-08-14 23:58:02,"Said they left the building around 00:00, but no building exit (lobby, side door or parking) is recorded between 23:30 and 00:30. Last record: Laptop logout (success) at 23:58:02.",device-c305b0a335be2722,c305b0a335be2722ab6fde203aec2de9572bcbd1b02555fa3e8b594badc9d355
EMP-0092,I came back to grab something from my desk after dinner. I was in and out.,MAX_VISIT_MINUTES,SUSPICIOUS,2026-08-14 21:47:03,"Said they were in and out, but this Lobby visit lasted 28 minutes (21:47:03 to 22:14:58).",badge-a08da304a1de9886,a08da304a1de98865a744b1c3f1cd83e5e2e129837d643120482d99257eec2c4
EMP-0092,I came back to grab something from my desk after dinner. I was in and out.,MAX_VISIT_MINUTES,SUSPICIOUS,2026-08-14 23:41:29,"Said they were in and out, but this Lobby visit lasted 30 minutes (23:41:29 to 00:11:33).",badge-fb316ddb9942dcab,fb316ddb9942dcabb6f3a5b1a7f23821248323e5f3a3fb9a52cec0335eb4e9c3
