time_utc,window_position,employee_id,event_source,event_type,description,zone,location,clock_confidence,clock_note,raw_event_hash,event_id,custody_check
2026-08-14 21:47:03,just outside,EMP-0092,badge,BADGE_IN,Badge IN at Lobby (1F),Lobby,D-LOBBY,high,,a08da304a1de98865a744b1c3f1cd83e5e2e129837d643120482d99257eec2c4,badge-a08da304a1de9886,OK
2026-08-14 22:03:19,in window,EMP-0092,txn,PURCHASE,Paid $4.75 at Cafeteria,Cafeteria,CAFETERIA-01,high,,99a2c5a08840e7c1a16218977a53633cbb43a5a4c670ad23a5682158cdea442d,txn-99a2c5a08840e7c1,OK
2026-08-14 22:14:58,in window,EMP-0092,badge,BADGE_OUT,Badge OUT at Lobby (1F),Lobby,D-LOBBY,high,,9bba31b30c017485f743c492a6f0ca88104a569d6d24d25b828a9cfceb78c769,badge-9bba31b30c017485,OK
2026-08-14 22:31:12,in window,EMP-0047,badge,BADGE_IN,Badge IN at Executive suite (3F),Executive suite,D-EXEC-3F,low,"Order uncertain vs device LOGIN at 22:33:00 (108s apart, tolerance 120s); txn PURCHASE at 22:38:44 (452s apart, tolerance 493s)",6a282dbb53f1e1df4c16c6a11436b12fe41ad4e592c3e0da3c61536cbc2f2f4d,badge-6a282dbb53f1e1df,OK
2026-08-14 22:33:00,in window,EMP-0047,device,LOGIN,Laptop login (success),Laptop (location unknown),LAPTOP-EMP0047,low,"Order uncertain vs badge BADGE_IN at 22:31:12 (108s apart, tolerance 120s)",ced77624cc3fa67fcc8ed2a388a4dac7d3599bcffe166a619332b5930149ea56,device-ced77624cc3fa67f,OK
2026-08-14 22:38:44,in window,EMP-0047,txn,PURCHASE,Paid $3.50 at Vending 3F,Vending 3F,VENDING-3F,low,"Order uncertain vs badge BADGE_IN at 22:31:12 (452s apart, tolerance 493s)",bcfbf15b79d206d39cdb94c1a12ae836b95c8397b8d90daba55d5ba329c1d11b,txn-bcfbf15b79d206d3,OK
2026-08-14 22:41:22,in window,EMP-0031,device,FILE_ACCESS,Workstation read file /finance/audit_2025.xlsx,Workstation (desk location unknown),WORKSTATION-EMP0031,high,,5309670c25cbdec5f18efa905ae79ca13da5360bdce80fec221bc108da82c9e7,device-5309670c25cbdec5,OK
2026-08-14 22:44:07,in window,EMP-0031,badge,BADGE_IN,Badge IN at Server room,Server room,D-SERVER,high,,497e4700a6eacd526e3e13e0d609f1917f0b8f9f5f393ab1cf5b4dddf3031386,badge-497e4700a6eacd52,OK
2026-08-14 22:59:31,in window,EMP-0031,txn,PARKING_EXIT,Car left through Parking exit B,Parking exit B,PARKING-EXIT-B,low,"Order uncertain vs badge BADGE_OUT at 23:07:44 (493s apart, tolerance 493s)",0b9808dad9ea70b0356973b922a44cf984c875b702c2f5e6564674ad095b1c60,txn-0b9808dad9ea70b0,OK
2026-08-14 23:07:44,in window,EMP-0031,badge,BADGE_OUT,Badge OUT at Server room,Server room,D-SERVER,low,"Order uncertain vs txn PARKING_EXIT at 22:59:31 (493s apart, tolerance 493s)",6818d6335189416b4560bb98c422190b5c47b57ed09c6c72a744e30c8ce3e864,badge-6818d6335189416b,OK
2026-08-14 23:12:04,in window,EMP-0047,device,EMAIL_SENT,Laptop sent an email to an external address,Laptop (location unknown),LAPTOP-EMP0047,high,,282d4350f02200c37426021d83cb9381a2b90afbaba9ca90ead63c5d378d8e64,device-282d4350f02200c3,OK
2026-08-14 23:22:56,in window,EMP-0047,badge,BADGE_OUT,Badge OUT at Executive suite (3F),Executive suite,D-EXEC-3F,high,,e53287c9fa69bbd653c07f70b18abdc002e93911829ee257ef45741f7b01d89f,badge-e53287c9fa69bbd6,OK
2026-08-14 23:41:29,in window,EMP-0092,badge,BADGE_IN,Badge IN at Lobby (1F),Lobby,D-LOBBY,low,"Order uncertain vs txn PURCHASE at 23:44:00 (151s apart, tolerance 493s)",fb316ddb9942dcabb6f3a5b1a7f23821248323e5f3a3fb9a52cec0335eb4e9c3,badge-fb316ddb9942dcab,OK
2026-08-14 23:44:00,in window,EMP-0092,txn,PURCHASE,Paid $2.25 at Lobby vending,Lobby vending,VENDING-LOBBY,low,"Order uncertain vs badge BADGE_IN at 23:41:29 (151s apart, tolerance 493s)",5d111b4affd4440c71c8242e53757080039dd2473b9d74805683b6b2fad05fdf,txn-5d111b4affd4440c,OK
2026-08-14 23:44:17,in window,EMP-0011,device,USB_INSERTED,USB device plugged into workstation,Workstation (desk location unknown),WORKSTATION-EMP0011,high,,1031b287352b30422c6a0ef1c76fcfdaec73950136ef31e7c7f4534d79bc2d3b,device-1031b287352b3042,OK
2026-08-14 23:52:07,in window,EMP-0011,badge,BADGE_IN,Badge IN at Stairwell B,Stairwell B,D-STAIRWELL-B,high,,945decd03c7e565c5f3d3a6fb6ef5c44e25edb1dc54d19dd3f7f7d1e2c695efa,badge-945decd03c7e565c,OK
2026-08-14 23:58:02,in window,EMP-0047,device,LOGOUT,Laptop logout (success),Laptop (location unknown),LAPTOP-EMP0047,high,,c305b0a335be2722ab6fde203aec2de9572bcbd1b02555fa3e8b594badc9d355,device-c305b0a335be2722,OK
2026-08-15 00:02:47,just outside,EMP-0011,txn,PARKING_EXIT,Car left through Parking exit B,Parking exit B,PARKING-EXIT-B,low,"Order uncertain vs badge BADGE_OUT at 00:03:14 (27s apart, tolerance 493s)",2d3925bb490b6354c08bcffe0674ea892f2027e28ef17f961c3f29424a40bca2,txn-2d3925bb490b6354,OK
2026-08-15 00:03:14,just outside,EMP-0011,badge,BADGE_OUT,Badge OUT at Stairwell B,Stairwell B,D-STAIRWELL-B,low,"Order uncertain vs txn PARKING_EXIT at 00:02:47 (27s apart, tolerance 493s)",9ba31eb877bad2fe29ea1d482c30a7bc18954fc4de2424994eade77f26dbfb66,badge-9ba31eb877bad2fe,OK
2026-08-15 00:11:33,just outside,EMP-0092,badge,BADGE_OUT,Badge OUT at Lobby (1F),Lobby,D-LOBBY,high,,85703f14926900e1095e8c6e164c01ed330aed87e04de694391779a8cfba9484,badge-85703f14926900e1,OK
