badge_id,employee_id,door_id,timestamp,direction
BDG-4471,EMP-0092,D-LOBBY,2026-08-14 21:47:03Z,IN
BDG-4471,EMP-0092,D-LOBBY,2026-08-14 22:14:58Z,OUT
BDG-2205,EMP-0047,D-EXEC-3F,2026-08-14 22:31:12Z,IN
BDG-0113,EMP-0031,D-SERVER,2026-08-14 22:44:07Z,IN
BDG-0113,EMP-0031,D-SERVER,2026-08-14 23:07:44Z,OUT
BDG-2205,EMP-0047,D-EXEC-3F,2026-08-14 23:22:56Z,OUT
BDG-4471,EMP-0092,D-LOBBY,2026-08-14 23:41:29Z,IN
BDG-0088,EMP-0011,D-STAIRWELL-B,2026-08-14 23:52:07Z,IN
BDG-0088,EMP-0011,D-STAIRWELL-B,2026-08-15 00:03:14Z,OUT
BDG-4471,EMP-0092,D-LOBBY,2026-08-15 00:11:33Z,OUT
